Make,Model,Year,BodyStyles
Aprilia,Capponord 1200 Rally,2020,Adventure
Aprilia,Dorsoduro 900,2020,Naked
Aprilia,RSV4 RR,2020,Sport
Aprilia,Shiver 900,2020,Naked
Benelli,BN 302,2020,Naked
Benelli,BN 600GT,2020,Sport Touring
Benelli,Tornado 302R,2020,Sport
Benelli,TRK 502,2020,Adventure
BMW,C 400 GT,2020,Scooter
BMW,F 750 GS,2020,Adventure
BMW,F 900 R,2020,Naked
BMW,F 900 XR,2020,Sport Touring
BMW,G 310 GS,2020,Adventure
BMW,G 310 R,2020,Naked
BMW,R 1250 GS,2020,Adventure
BMW,R 1250 R,2020,Naked
BMW,R 1250 RS,2020,Sport Touring
BMW,R 1250 RT,2020,Touring
BMW,R nineT,2020,Heritage
BMW,S 1000 R,2020,Naked
BMW,S 1000 RR,2020,Sport
BMW,S 1000 XR,2020,Adventure Sport
Can-Am,Ryker Rally Edition,2020,Three-Wheeler
Can-Am,Spyder F3,2020,Three-Wheeler
Can-Am,Spyder RT,2020,Three-Wheeler
Ducati,Diavel,2020,Cruiser
Ducati,Monster 821,2020,Naked
Ducati,Monster 1200,2020,Naked
Ducati,Monster 1200 S,2020,Naked
Ducati,Monster 797,2020,Naked
Ducati,Monster 797+,2020,Naked
Ducati,Monster 821 Stealth,2020,Naked
Ducati,Monster 821 Stripe,2020,Naked
Ducati,Monster 1200 R,2020,Naked
Ducati,Monster 1200 S Stripe,2020,Naked
Ducati,Monster 1200 S Black on Black,2020,Naked
Ducati,Monster 1200 S Red,2020,Naked
Ducati,Monster 1200 S Iceberg White Silk,2020,Naked
Ducati,Monster 1200 S Liquid Concrete Grey,2020,Naked
Ducati,Monster 1200 S Aviator Grey,2020,Naked
Ducati,Monster 1200 S Thrilling Black,2020,Naked
Ducati,Monster 1200 S Black on Black,2020,Naked
Ducati,Monster 1200 S Stealth,2020,Naked
Ducati,Panigale V2,2020,Sport
Ducati,Panigale V4,2020,Sport
Ducati,Panigale V4 S,2020,Sport
Ducati,Panigale V4 R,2020,Sport
Ducati,Scrambler Sixty2,2020,Scrambler
Ducati,Scrambler Icon,2020,Scrambler
Ducati,Scrambler Icon Dark,2020,Scrambler
Ducati,Scrambler Full Throttle,2020,Scrambler
Ducati,Scrambler Desert Sled,2020,Scrambler
Ducati,Scrambler Cafe Racer,2020,Scrambler
Ducati,Scrambler 1100,2020,Scrambler
Ducati,Scrambler 1100 Sport,2020,Scrambler
Ducati,Scrambler 1100 Special,2020,Scrambler
Ducati,Supersport,2020,Sport Touring
Ducati,Supersport S,2020,Sport Touring
Harley-Davidson,Iron 883,2020,Cruiser
Harley-Davidson,Iron 1200,2020,Cruiser
Harley-Davidson,Forty-Eight,2020,Cruiser
Harley-Davidson,Fat Bob,2020,Cruiser
Harley-Davidson,Street Bob,2020,Cruiser
Harley-Davidson,Low Rider S,2020,Cruiser
Harley-Davidson,Softail Slim,2020,Cruiser
Harley-Davidson,Softail Standard,2020,Cruiser
Harley-Davidson,Fat Boy,2020,Cruiser
Harley-Davidson,Heritage Classic,2020,Cruiser
Harley-Davidson,Road King,2020,Touring
Harley-Davidson,Street Glide,2020,Touring
Harley-Davidson,Road Glide,2020,Touring
Harley-Davidson,Road Glide Special,2020,Touring
Harley-Davidson,Electra Glide Standard,2020,Touring
Harley-Davidson,Electra Glide Ultra Limited,2020,Touring
Harley-Davidson,LiveWire,2020,Electric
Honda,CRF250L,2020,Dual Sport
Honda,CRF250 Rally,2020,Adventure
Honda,CRF450L,2020,Dirt
Honda,NC750X,2020,Adventure
Honda,CB300R,2020,Standard
Honda,CB650R,2020,Naked
Honda,CBR500R,2020,Sport
Honda,CBR650R,2020,Sport
Honda,Rebel 300,2020,Cruiser
Honda,Rebel 500,2020,Cruiser
Honda,CTX700N,2020,Cruiser
Honda,CTX700 DCT,2020,Touring
Honda,Gold Wing,2020,Touring
Honda,Africa Twin,2020,Adventure
Honda,Africa Twin DCT,2020,Adventure
Honda,Africa Twin Adventure Sports,2020,Adventure
Honda,Africa Twin Adventure Sports DCT,2020,Adventure
Husqvarna,Svartpilen 401,2020,Naked
Husqvarna,Vitpilen 401,2020,Naked
Husqvarna,Svartpilen 701,2020,Naked
Husqvarna,Vitpilen 701,2020,Naked
Indian,Scout Sixty,2020,Cruiser
Indian,Scout Bobber Sixty,2020,Cruiser
Indian,Scout Bobber,2020,Cruiser
Indian,Chief Dark Horse,2020,Cruiser
Indian,Chieftain Classic,2020,Cruiser
Indian,Chieftain Dark Horse,2020,Cruiser
Indian,Chieftain Limited,2020,Cruiser
Indian,Chieftain Elite,2020,Cruiser
Indian,Roadmaster,2020,Touring
Indian,Roadmaster Dark Horse,2020,Touring
Indian,FTR 1200,2020,Standard
Indian,FTR 1200 S,2020,Standard
Kawasaki,Z125 Pro,2020,Standard
Kawasaki,Ninja 400,2020,Sport
Kawasaki,Ninja 650,2020,Sport
Kawasaki,Ninja 1000SX,2020,Sport Touring
Kawasaki,Versys-X 300,2020,Adventure
Kawasaki,Versys 650,2020,Adventure
Kawasaki,Versys 1000,2020,Adventure
Kawasaki,Vulcan S,2020,Cruiser
Kawasaki,Vulcan 900 Classic,2020,Cruiser
Kawasaki,Vulcan 900 Custom,2020,Cruiser
Kawasaki,W800,2020,Cruiser
Kawasaki,W800 Cafe,2020,Cruiser
Kawasaki,W800 Street,2020,Cruiser
Kawasaki,Z400,2020,Naked
Kawasaki,Z650,2020,Naked
Kawasaki,Z900,2020,Naked
Kawasaki,Z900RS,2020,Naked
Kawasaki,Z900RS Cafe,2020,Naked
Kawasaki,ZH2,2020,Naked
Kawasaki,ZH2 SE,2020,Naked
Kawasaki,ZX-6R,2020,Sport
Kawasaki,ZX-10R,2020,Sport
Kawasaki,ZX-14R,2020,Sport
KTM,390 Duke,2020,Naked
KTM,690 SMC R,2020,Supermoto
KTM,790 Duke,2020,Naked
KTM,890 Duke R,2020,Naked
KTM,1290 Super Duke R,2020,Naked
KTM,1290 Super Duke GT,2020,Sport Touring
KTM,1290 Super Adventure R,2020,Adventure
KTM,1290 Super Adventure S,2020,Adventure
KTM,1290 Super Adventure T,2020,Touring
KTM,1290 Super Adventure GT,2020,Touring
Moto Guzzi,V7 III Stone,2020,Standard
Moto Guzzi,V7 III Special,2020,Standard
Moto Guzzi,V7 III Racer,2020,Standard
Moto Guzzi,V7 III Rough,2020,Standard
Moto Guzzi,V7 III Carbon Dark,2020,Standard
Moto Guzzi,V9 Bobber,2020,Cruiser
Moto Guzzi,V9 Roamer,2020,Cruiser
Moto Guzzi,California 1400 Touring,2020,Touring
Moto Guzzi,Eldorado,2020,Touring
MV Agusta,Dragster 800,2020,Naked
MV Agusta,Brutale 800,2020,Naked
MV Agusta,Brutale 800 RR,2020,Naked
MV Agusta,Brutale 1000 RR,2020,Naked
MV Agusta,Turismo Veloce 800,2020,Adventure Sport
MV Agusta,Turismo Veloce 800 Lusso,2020,Adventure Sport
MV Agusta,F3 675,2020,Sport
MV Agusta,F3 800,2020,Sport
MV Agusta,F4,2020,Sport
Suzuki,Boulevard S40,2020,Cruiser
Suzuki,Boulevard C50,2020,Cruiser
Suzuki,Boulevard C50T,2020,Touring
Suzuki,Boulevard M50,2020,Cruiser
Suzuki,Boulevard M90,2020,Cruiser
Suzuki,Boulevard M109R B.O.S.S.,2020,Cruiser
Suzuki,DR200S,2020,Dual Sport
Suzuki,DR-Z400S,2020,Dual Sport
Suzuki,GSX250R,2020,Sport
Suzuki,GSX-S750,2020,Naked
Suzuki,GSX-S750Z,2020,Naked
Suzuki,GSX-S1000,2020,Naked
Suzuki,GSX-S1000Z,2020,Naked
Suzuki,GSX-R600,2020,Sport
Suzuki,GSX-R750,2020,Sport
Suzuki,GSX-R1000,2020,Sport
Triumph,Street Twin,2020,Standard
Triumph,Street Scrambler,2020,Scrambler
Triumph,Bonneville T100,2020,Standard
Triumph,Bonneville T120,2020,Standard
Triumph,Bonneville Bobber,2020,Cruiser
Triumph,Thruxton,2020,Cafe Racer
Triumph,Thruxton R,2020,Cafe Racer
Triumph,Thruxton RS,2020,Cafe Racer
Triumph,Tiger 800 XCx,2020,Adventure
Triumph,Tiger 800 XR,2020,Adventure
Triumph,Tiger 1200 XCx,2020,Adventure
Triumph,Tiger 1200 XR,2020,Adventure
Triumph,Speed Triple S,2020,Naked
Triumph,Speed Triple RS,2020,Naked
Yamaha,MT-03,2020,Naked
Yamaha,MT-07,2020,Naked
Yamaha,MT-09,2020,Naked
Yamaha,MT-10,2020,Naked
Yamaha,YZF-R3,2020,Sport
Yamaha,YZF-R6,2020,Sport
Yamaha,YZF-R1,2020,Sport
Yamaha,Tracer 900 GT,2020,Sport Touring
Yamaha,FZ-07,2020,Naked
Yamaha,FZ-09,2020,Naked
Yamaha,FZ-10,2020,Naked
Yamaha,FJR1300,2020,Touring
Yamaha,Super Ténéré ES,2020,Adventure
Yamaha,XSR700,2020,Standard
Yamaha,XSR900,2020,Standard
Yamaha,V Star 250,2020,Cruiser
